{
  "version": 1,
  "author": "THIAGO ANTONIO MARCÃO",
  "editor": "wokwi",
  "parts": [
    { "type": "wokwi-breadboard-half", "id": "bb1", "top": 6.6, "left": 252.4, "attrs": {} },
    { "type": "wokwi-arduino-uno", "id": "uno", "top": 0.6, "left": -39, "attrs": {} },
    {
      "type": "board-ssd1306",
      "id": "oled1",
      "top": 156.74,
      "left": 489.83,
      "attrs": { "i2cAddress": "0x3c" }
    },
    {
      "type": "wokwi-pushbutton",
      "id": "btn1",
      "top": 95.4,
      "left": 252.6,
      "rotate": 90,
      "attrs": { "color": "yellow", "key": "a" }
    },
    {
      "type": "wokwi-pushbutton",
      "id": "btn2",
      "top": 95.4,
      "left": 435,
      "rotate": 90,
      "attrs": { "color": "red", "key": "Enter" }
    },
    {
      "type": "wokwi-pushbutton",
      "id": "btn3",
      "top": 105,
      "left": 387,
      "rotate": 90,
      "attrs": { "color": "green", "key": "s" }
    },
    {
      "type": "wokwi-pushbutton",
      "id": "btn4",
      "top": 95.4,
      "left": 329.4,
      "rotate": 90,
      "attrs": { "color": "yellow", "key": "d" }
    },
    {
      "type": "wokwi-pushbutton",
      "id": "btn5",
      "top": 66.6,
      "left": 291,
      "rotate": 90,
      "attrs": { "color": "blue", "key": "w" }
    },
    {
      "type": "wokwi-buzzer",
      "id": "bz1",
      "top": -103.2,
      "left": 49.8,
      "attrs": { "volume": "0.1" }
    }
  ],
  "connections": [
    [ "uno:GND.3", "bb1:bn.1", "black", [ "v47.9", "h4" ] ],
    [ "bb1:3b.j", "bb1:bn.2", "black", [ "v0" ] ],
    [ "bb1:17b.j", "bb1:bn.14", "black", [ "v38.4" ] ],
    [ "bb1:22b.j", "bb1:bn.18", "black", [ "v0" ] ],
    [ "oled1:GND", "bb1:22b.h", "black", [ "v-19.2", "h-48" ] ],
    [ "bb1:28b.i", "bb1:bp.16", "red", [ "h-76.8", "v39.3" ] ],
    [ "uno:5V", "bb1:bp.3", "red", [ "v28.7", "h186.2" ] ],
    [ "oled1:SCL", "uno:A5", "gray", [ "v-57.6", "h67.5", "v153.6", "h-9.6" ] ],
    [ "uno:A4", "oled1:SDA", "white", [ "v76.7", "h417", "v-124.8", "h-9.6" ] ],
    [ "bz1:2", "uno:9", "green", [ "v9.6", "h38" ] ],
    [ "bz1:1", "uno:GND.1", "green", [ "v0" ] ],
    [ "uno:6", "bb1:1t.a", "yellow", [ "v0" ] ],
    [ "bb1:9t.a", "uno:7", "yellow", [ "v-76.8", "h-201.6" ] ],
    [ "bb1:20t.a", "uno:10", "magenta", [ "v-96", "h-345.6" ] ],
    [ "bb1:15t.a", "uno:3", "cyan", [ "v0" ] ],
    [ "bb1:11b.j", "bb1:bn.9", "black", [ "v0" ] ],
    [ "uno:8", "btn5:2.l", "blue", [ "v28.8", "h173.2" ] ],
    [ "bb1:7b.j", "bb1:bn.6", "black", [ "v0" ] ],
    [ "oled1:GND", "bb1:27b.j", "", [ "$bb" ] ],
    [ "oled1:VCC", "bb1:28b.j", "", [ "$bb" ] ],
    [ "oled1:SCL", "bb1:29b.j", "", [ "$bb" ] ],
    [ "oled1:SDA", "bb1:30b.j", "", [ "$bb" ] ],
    [ "btn1:1.l", "bb1:3t.d", "", [ "$bb" ] ],
    [ "btn1:2.l", "bb1:1t.d", "", [ "$bb" ] ],
    [ "btn1:1.r", "bb1:3b.i", "", [ "$bb" ] ],
    [ "btn1:2.r", "bb1:1b.i", "", [ "$bb" ] ],
    [ "btn5:1.l", "bb1:7t.a", "", [ "$bb" ] ],
    [ "btn5:2.l", "bb1:5t.a", "", [ "$bb" ] ],
    [ "btn5:1.r", "bb1:7b.f", "", [ "$bb" ] ],
    [ "btn5:2.r", "bb1:5b.f", "", [ "$bb" ] ],
    [ "btn4:1.l", "bb1:11t.d", "", [ "$bb" ] ],
    [ "btn4:2.l", "bb1:9t.d", "", [ "$bb" ] ],
    [ "btn4:1.r", "bb1:11b.i", "", [ "$bb" ] ],
    [ "btn4:2.r", "bb1:9b.i", "", [ "$bb" ] ],
    [ "btn3:1.l", "bb1:17t.e", "", [ "$bb" ] ],
    [ "btn3:2.l", "bb1:15t.e", "", [ "$bb" ] ],
    [ "btn3:1.r", "bb1:17b.j", "", [ "$bb" ] ],
    [ "btn3:2.r", "bb1:15b.j", "", [ "$bb" ] ],
    [ "btn2:1.l", "bb1:22t.d", "", [ "$bb" ] ],
    [ "btn2:2.l", "bb1:20t.d", "", [ "$bb" ] ],
    [ "btn2:1.r", "bb1:22b.i", "", [ "$bb" ] ],
    [ "btn2:2.r", "bb1:20b.i", "", [ "$bb" ] ]
  ],
  "dependencies": {}
}